{"cameraMode":{"drawMode":0,"name":"Shaded","section":"Shading Mode"},"sceneLighting":true,"audioPlay":false,"sceneViewState":{"showFog":true,"showMaterialUpdate":false,"showSkybox":true,"showFlares":true,"showImageEffects":true,"showParticleSystems":true},"in2DMode":false,"pivot":{"x":12.387642860412598,"y":1.2291767597198487,"z":-8.574790954589844},"rotation":{"x":-0.00964808277785778,"y":0.3211967349052429,"z":0.003280884586274624,"w":0.9470041990280151},"size":6.144315719604492,"orthographic":false}