{"cameraMode":{"drawMode":0,"name":"Shaded","section":"Shading Mode"},"sceneLighting":true,"audioPlay":false,"sceneViewState":{"showFog":true,"showMaterialUpdate":false,"showSkybox":true,"showFlares":true,"showImageEffects":true,"showParticleSystems":true},"in2DMode":false,"pivot":{"x":576.0322265625,"y":47.378875732421878,"z":422.0999755859375},"rotation":{"x":0.06326355040073395,"y":0.9238939881324768,"z":-0.3345274031162262,"w":0.17471463978290559},"size":35.86091995239258,"orthographic":false}