{"cameraMode":{"drawMode":0,"name":"Shaded","section":"Shading Mode"},"sceneLighting":true,"audioPlay":false,"sceneViewState":{"showFog":true,"showMaterialUpdate":false,"showSkybox":true,"showFlares":true,"showImageEffects":true,"showParticleSystems":true},"in2DMode":false,"pivot":{"x":842.3115844726563,"y":0.813768744468689,"z":374.3614196777344},"rotation":{"x":-0.06705182790756226,"y":-0.8763344287872315,"z":0.12788181006908418,"w":-0.4595988094806671},"size":94.26280975341797,"orthographic":false}