{"cameraMode":{"drawMode":0,"name":"Shaded","section":"Shading Mode"},"sceneLighting":true,"audioPlay":false,"sceneViewState":{"showFog":true,"showMaterialUpdate":false,"showSkybox":true,"showFlares":true,"showImageEffects":true,"showParticleSystems":true},"in2DMode":false,"pivot":{"x":650.7129516601563,"y":-90.6507568359375,"z":366.2415466308594},"rotation":{"x":0.007792643737047911,"y":-0.9718610644340515,"z":0.2335180789232254,"w":0.03236255422234535},"size":490.9451904296875,"orthographic":false}